aviralft9,0.0855263158
moankala,0.0855263158
Bilicon,0.0855263158
Zuha1195,0.0855263158
skboro,0.0855263158
yourchandrashekhar,0.0855263158
arnavgeorgian,0.0855263158
chelladurai89,0.0855263158
bruteforce,0.0855263158
riagarg5,0.0855263158
padayattil,0.0855263158
shetaksroc,0.0855263158
Codeghazi,0.0855263158
ashutoshjha88,0.0855263158
harishkumar12k,0.0855263158
papinenilaxman,0.0855263158
ashutoshmimani,0.0855263158
gautamnagpal78,0.0855263158
ankushjindal278,0.0855263158
rohb1707,0.0855263158
aasha,0.0855263158
yannamaninaveen,0.0855263158
SahajR,0.0855263158
sudharani-r,0.0855263158
nithinreddy,0.0855263158
hmavachi,0.0855263158
rajat8492,0.0855263158
avisatna,0.0855263158
sumithpuri,0.0855263158
boldDesigner,0.0855263158
lateprofessor,0.0855263158
BashGaming,0.0855263158
bhaskar4006,0.0855263158
sugatamukherjee,0.0855263158
narendrakumar7473,0.0855263158
jaiswal-aalok,0.0855263158
shamvil,0.0855263158
raghuam,0.0964912281
abhsnh19,0.0964912281
yadavprashant,0.0964912281
sameerpanjwani,0.0964912281
SriramCG,0.0964912281
pavant-egnaroinc,0.0986842105
balaca,0.1425438596
ankitbhatia8993,0.1425438596
anshusurana,0.1425438596
soniyasadalkar,0.1425438596
CloudInfra,0.1425438596
beslin,0.1425438596
rishabhaga,0.1425438596
brateeshkumar,0.1425438596
manpreet2760,0.1425438596
bulletboopathy,0.1425438596
prajwal16,0.1425438596
pbabu11,0.1425438596
manash,0.1425438596
codehive,0.1425438596
hbksagar,0.1425438596
Vismayhr,0.1425438596
patelprayag1990,0.1425438596
chaudharyp,0.1469298246
mayankmetha,0.149122807
deepakraj27,0.173245614
sulabhagarwal,0.173245614
jjsg,0.173245614
akki777,0.173245614
9Codie05,0.173245614
pratikm23,0.173245614
kevi793,0.173245614
stileto,0.173245614
tusharkanakagiri,0.173245614
jigisha,0.1754385965
Sadiya5,0.1776315789
vivekbagade,0.1907894737
govind1246,0.1907894737
vividh,0.1907894737
namannigam,0.1907894737
anasmanadan,0.2192982456
guluuu3,0.2192982456
meghahonna,0.2192982456
sankethrs,0.2192982456
UmangChamaria,0.2192982456
sagarlohani,0.2192982456
shardullavekar,0.2192982456
dakshasija,0.2192982456
abhikb,0.2192982456
akshaykant,0.2192982456
RaghavaDhanya,0.2236842105
sbairishal,0.225877193
sooriravindra,0.2368421053
harman25,0.2368421053
ignoreAnt,0.2368421053
shreyavarshini,0.2368421053
rohitkochar,0.2412280702
vigyasharma,0.2434210526
DevipriyaSarkar,0.2456140351
manju4ever,0.2609649123
kriyanation,0.2609649123
ankurelexbit,0.2609649123
tanishgupta1,0.2609649123
RahulGuptaIIITA,0.2609649123
vardinaren,0.2653508772
psakrii,0.2675438596
SkandaBhat,0.2697368421
maniktaneja,0.274122807
DarshanGowda0,0.2828947368
karims,0.2850877193
tejaslodaya,0.2872807018
nishantrevur,0.2938596491
abhigyan2311,0.2938596491
aakashns,0.2960526316
whatisaroad,0.298245614
himadri-bsb,0.3026315789
xitter,0.3048245614
rohitishere1,0.3048245614
govinsprabhu,0.3114035088
vaishakp9,0.3114035088
patoliya,0.3157894737
pravinrajmb,0.3179824561
siddharthsa,0.3201754386
aravind3181995,0.3245614035
arunnura123,0.3289473684
Paulami,0.3289473684
vishalantony,0.3311403509
kienme,0.3333333333
cyrilmac92,0.3355263158
NivedithaShenoyB,0.3377192982
jaymanklu,0.3399122807
vishwakulkarni,0.3442982456
dpallagolla,0.3486842105
AnujKS,0.3552631579
venustus,0.3552631579
sarthak-saxena,0.3596491228
VenkatDatta,0.3618421053
haxplorer,0.3640350877
shubhamsizzles,0.3706140351
stauntonknight,0.3706140351
anshul-shukla,0.375
archon92,0.3815789474
savakarv,0.3881578947
rajarsheem,0.3903508772
kaushik-pe,0.3925438596
pranavcode,0.4057017544
sachinvasista,0.4100877193
aigeano,0.4166666667
guptaayushi1293,0.4254385965
turlapatykaushik,0.4254385965
susheels,0.4254385965
mrudu,0.4298245614
shashank-iitj,0.4320175439
chandan11,0.4320175439
nimishbhonsale,0.4342105263
jmaovhasncript,0.4364035088
itsashis4u,0.4385964912
debarko,0.4429824561
freaksterz,0.4473684211
apoorvsgaur,0.4583333333
hiteshsethiya,0.4627192982
ankitgangal,0.4649122807
dolftax,0.4671052632
nvivek16,0.475877193
vidhishanair,0.4802631579
subhrajyotisen,0.4824561404
koukumar,0.4846491228
amrvignesh,0.4868421053
arunshankar87,0.4868421053
n00blet,0.4890350877
Nishant-Pathak,0.4934210526
palashbansal96,0.4956140351
ansh0l,0.4956140351
siddharthkp,0.4978070175
sebastian-thomas,0.5021929825
akashagarwal,0.5043859649
codehouse,0.5087719298
rrishujain,0.5109649123
Vijayenthiran,0.5131578947
hshed,0.5153508772
deepak19891,0.5175438596
rag594,0.5175438596
aakashkhatter1296,0.5175438596
Bluesir9,0.5219298246
nivethar12,0.5219298246
kush789,0.5219298246
sujayVittal,0.524122807
Rajat-Chowdhary,0.524122807
raghunandangupta1992,0.5263157895
alok-sm,0.5307017544
sbmadhav,0.5328947368
deepakmodak,0.5328947368
mahendra0203,0.5394736842
chirag93,0.5416666667
amanie2107,0.5416666667
sagarmusale8,0.5438596491
nihalsharma,0.548245614
aloktherocker,0.5504385965
kiran1994,0.5526315789
kunala,0.5548245614
techbus,0.5570175439
arpitjain099,0.5592105263
pkmm91,0.5614035088
Thamaraiselvam,0.5614035088
patlola,0.5635964912
cyberabis,0.5657894737
AlexMathew,0.5657894737
codingdash,0.5679824561
RitwikSaikia,0.5701754386
tarunsharma1,0.5723684211
iranjith4,0.5723684211
khanrizwan,0.576754386
thakursc1,0.5833333333
neoned71,0.5855263158
spkprav,0.5877192982
sugambh,0.5921052632
ravisuhag,0.5921052632
hard-fault,0.5942982456
akoul,0.5986842105
govilk,0.5986842105
aditbiswas1,0.5986842105
biswarupchakravarty,0.6030701754
reddypdl,0.6052631579
ashish343,0.6074561404
benjoseph,0.6074561404
ashmaxpro,0.6096491228
mayankk4,0.6096491228
paulkg4u,0.6118421053
vishalcs106,0.6140350877
manikanta-kondeti,0.6162280702
kavi26,0.6184210526
tacticurv,0.6206140351
VinayakDeshpande11,0.6206140351
vasanthps,0.625
anitasv,0.625
ksambhav,0.6271929825
sravan953,0.6293859649
jigarjain,0.6337719298
Ram101,0.6337719298
torsionpeg,0.6337719298
rohithkumar31,0.6337719298
vinaybanakar,0.6359649123
ajaybhat,0.6359649123
siddhanth,0.6381578947
rahular,0.6381578947
rivalslayer,0.6425438596
vickythegme,0.6425438596
srsree,0.6447368421
prateekagr98,0.6469298246
inders,0.649122807
neelkirit,0.6513157895
Yashalshakti,0.6513157895
chakas,0.6557017544
phalgun,0.6557017544
sushant047,0.6557017544
jayanthchandra,0.6557017544
ricky051,0.6622807018
govindarajan,0.6666666667
bhoom10,0.6688596491
bhuvanrikka,0.6710526316
AmarPrabhu,0.673245614
abhi-bit,0.6776315789
chashmeetsingh,0.6776315789
shylu,0.6798245614
neo20iitkgp,0.6820175439
supercr7,0.6820175439
gangeshwark,0.6842105263
mantishK,0.6864035088
amjd,0.6864035088
Anubhav27,0.6907894737
1hakr,0.6907894737
PavanGonagur,0.6929824561
raveenb,0.6951754386
kartiksgayatri,0.6973684211
ujwalk93,0.6995614035
Pakshal,0.701754386
iamsudip,0.7039473684
SanthoshMR,0.7061403509
faisalp4p,0.7083333333
gautamsawhney,0.7127192982
vik-y,0.7149122807
brijeshmasrani,0.7236842105
lxkarthi,0.725877193
parthaindia,0.725877193
sojan-official,0.725877193
sumansaurabh,0.7280701754
higagan,0.7302631579
vtrkanna,0.7324561404
AnshuHanda,0.7346491228
nikhilkabbin,0.7346491228
sridarshan,0.7412280702
nikhilnnj,0.7434210526
Saiesh,0.7478070175
itsPR,0.75
SudShekhar,0.7521929825
avinash-palleti,0.7543859649
sahanarula,0.7543859649
rajathkumarmp,0.7565789474
shreyans4nahata,0.7565789474
m-nikhil,0.7587719298
zbigniev,0.7587719298
CoderHam,0.7653508772
ganesshkumar,0.7675438596
arkokoley,0.7675438596
karanrajpal,0.7719298246
bipul21,0.774122807
biocross,0.7763157895
varunkumar,0.7763157895
mayank7,0.7763157895
srameshr,0.7763157895
shakdwipeea,0.7785087719
mascot6699,0.7807017544
vikashvverma,0.7807017544
amulgarg,0.7807017544
royce2892,0.7807017544
Yashaswini,0.7872807018
bharathkeshav,0.7894736842
master-atul,0.7916666667
infinitec123,0.7916666667
akshaykumar6,0.7960526316
myramnath,0.798245614
puneethnarayana,0.8004385965
rbtj,0.8026315789
shreyashpandya,0.8048245614
channikhabra,0.8070175439
RahulRavindren,0.8070175439
vikoo,0.8070175439
raulnayak,0.8092105263
originalankur,0.8092105263
ashik94vc,0.8114035088
arpiagar,0.8135964912
manusajith,0.8157894737
pulakb,0.8157894737
heaven00,0.8245614035
jaisanth,0.826754386
deepakkarki,0.826754386
chetan1507,0.8289473684
arvindch,0.8289473684
apeeyush,0.8311403509
parin2092,0.8333333333
kranthiGE,0.8377192982
pradeepsekart,0.8464912281
nitinstp23,0.8486842105
manansbeg,0.8486842105
rjsikarwar,0.8530701754
rpaul93,0.8530701754
vkbalakrishnan,0.8552631579
Meghdeep,0.8574561404
navinpai,0.8596491228
GAT007,0.8640350877
vaibhav-jani,0.8662280702
ritesh24,0.8684210526
samarthbhargav,0.8684210526
syst3mw0rm,0.8684210526
NikhilSetty,0.8706140351
sidd607,0.8706140351
humblealchemy,0.875
rockycoder,0.875
manti,0.875
nkhare,0.8771929825
AkhilHector,0.8793859649
shivambarsaley,0.8837719298
mavidser,0.8837719298
diadara,0.8837719298
selvan,0.8881578947
SkyTreasure,0.8881578947
sumit12dec,0.8881578947
ankitdaf,0.8881578947
dharmesh-m,0.8881578947
jaydeep17,0.8903508772
jogiranjith,0.8947368421
leo237,0.8947368421
pooran,0.8947368421
amitchhajer,0.8947368421
nikhilv2007,0.899122807
anandaverma,0.899122807
tushartuteja,0.899122807
sandygarg,0.9035087719
TechieTom,0.9035087719
unzipped,0.9035087719
vijaytholpadi,0.9057017544
prash2512,0.9078947368
abhi12ravi,0.9100877193
samarpanda,0.9122807018
ratpik,0.9144736842
sbcd90,0.9144736842
radhikabhanu,0.9166666667
purushoth,0.9166666667
rajsid1,0.9188596491
nav13n,0.9210526316
rgksugan,0.9210526316
jaysingh,0.9210526316
rahulr92,0.923245614
pawanshetty,0.923245614
gururajbn,0.9254385965
siriscac,0.9276315789
karanratra,0.9276315789
shadowfax92,0.9276315789
pradeeprajkumar,0.9276315789
dineshswamy,0.9276315789
atul2512,0.9298245614
callmesusheel,0.9298245614
sachingajraj,0.9298245614
shrikrishnaholla,0.9298245614
sidjain270592,0.9320175439
itsyash,0.9342105263
bangarharshit,0.9364035088
rahulsingh178,0.9364035088
manV,0.9385964912
shrishmv,0.9451754386
vs4vijay,0.9451754386
santhoshguru,0.9451754386
naman14,0.9473684211
vamshi4001,0.9495614035
shubhapp,0.951754386
anupamme,0.9561403509
sauravtom,0.9583333333
rcrahul01,0.9583333333
ahmedshabib,0.9605263158
shobhitmittal,0.9627192982
shiv6146,0.9627192982
intrepidkarthi,0.9627192982
surajjana,0.9627192982
debtaru,0.9649122807
bhupendra-nitt,0.9671052632
sandeepraju,0.9671052632
NikantVohra,0.9692982456
rohangtr,0.9714912281
Amlana,0.9714912281
sandeepkaul,0.9714912281
bozzmob,0.9714912281
anujonthemove,0.9714912281
prakhar-agarwal,0.9736842105
yashodhandivakaran,0.975877193
vrash,0.975877193
anubhav914,0.975877193
gauravkeshre,0.9780701754
codenpk,0.9780701754
anooptoffy,0.9780701754
datafool,0.9780701754
ls8080,0.9780701754
CodeMangler,0.9802631579
abhishekgahlot,0.9824561404
iotakodali,0.9846491228
Rahulaswani,0.9868421053
rnikhil275,0.9868421053
juzerali,0.9868421053
build3r,0.9868421053
ivabz,0.9868421053
ddgarg,0.9890350877
nitish11,0.9890350877
bastinrobin,0.9912280702
adityavs,0.9912280702
shikharateverest,0.9934210526
kishorek,0.9934210526
ahujamoh,0.9956140351
hemant19cse,1
liyamahendra,1
,InvalidUser
rksina,InvalidUser
laksh28,InvalidUser
www.got,InvalidUser
manopandey,InvalidUser
aishrajdahal,InvalidUser
saurabhmaskara,InvalidUser
