,InvalidUser
rksina,InvalidUser
laksh28,InvalidUser
codehouse,InvalidUser
www.got,InvalidUser
manopandey,InvalidUser
BashGaming,InvalidUser
aishrajdahal,InvalidUser
saurabhmaskara,InvalidUser
naman14,1.0
siriscac,0.9977973568281938
channikhabra,0.9955947136563876
akshaykumar6,0.9933920704845814
apeeyush,0.9911894273127754
sauravtom,0.9889867841409692
arvindch,0.986784140969163
deepakkarki,0.9845814977973568
master-atul,0.9823788546255506
ankitdaf,0.9801762114537445
arkokoley,0.9757709251101322
sahanarula,0.9757709251101322
pranavcode,0.973568281938326
1hakr,0.9713656387665198
AlexMathew,0.9691629955947136
raveenb,0.9669603524229075
mavidser,0.9647577092511013
sandeepraju,0.9625550660792952
ravisuhag,0.960352422907489
rnikhil275,0.9559471365638766
vamshi4001,0.9559471365638766
biocross,0.9515418502202643
shadowfax92,0.9515418502202643
shrikrishnaholla,0.9493392070484582
rahular,0.947136563876652
srameshr,0.9449339207048458
inders,0.9405286343612335
NikantVohra,0.9405286343612335
intrepidkarthi,0.9383259911894273
dolftax,0.9361233480176212
manusajith,0.933920704845815
phalgun,0.9317180616740088
samarpanda,0.9295154185022027
prateekagr98,0.9251101321585903
jaysingh,0.9251101321585903
varunkumar,0.9229074889867841
iamsudip,0.920704845814978
mantishK,0.9185022026431718
AkhilHector,0.9140969162995595
CodeMangler,0.9140969162995595
cyberabis,0.9096916299559471
sbcd90,0.9096916299559471
rajathkumarmp,0.9074889867841409
juzerali,0.9052863436123348
samarthbhargav,0.9008810572687225
pulakb,0.9008810572687225
abhishekgahlot,0.8986784140969163
syst3mw0rm,0.8942731277533039
vs4vijay,0.8942731277533039
itsyash,0.8920704845814977
rgksugan,0.8876651982378855
shakdwipeea,0.8854625550660793
abhi12ravi,0.8832599118942731
chashmeetsingh,0.8832599118942731
jaydeep17,0.8810572687224669
vik-y,0.8788546255506609
kishorek,0.8744493392070485
arpitjain099,0.8744493392070485
bastinrobin,0.8700440528634361
rivalslayer,0.8700440528634361
kush789,0.8678414096916299
navinpai,0.8634361233480177
diadara,0.8634361233480177
puneethnarayana,0.8590308370044053
ricky051,0.8590308370044053
liyamahendra,0.8546255506607929
anandaverma,0.8524229074889867
mayankk4,0.8524229074889867
turlapatykaushik,0.8502202643171806
surajjana,0.8480176211453745
alok-sm,0.8436123348017621
amitchhajer,0.8436123348017621
selvan,0.8414096916299559
tarunsharma1,0.8392070484581498
rjsikarwar,0.8370044052863437
nkhare,0.8325991189427313
vikashvverma,0.8303964757709251
RitwikSaikia,0.8303964757709251
aditbiswas1,0.8281938325991189
pkmm91,0.8237885462555066
amjd,0.8215859030837005
manikanta-kondeti,0.8215859030837005
anupamme,0.8171806167400881
anooptoffy,0.8149779735682819
sumansaurabh,0.8127753303964758
dineshswamy,0.8127753303964758
ratpik,0.8105726872246696
itsashis4u,0.8061674008810573
vasanthps,0.8061674008810573
Nishant-Pathak,0.8039647577092511
deepakmodak,0.7995594713656388
siddharthkp,0.7973568281938326
RahulRavindren,0.7973568281938326
bhupendra-nitt,0.7951541850220264
ganesshkumar,0.7907488986784141
spkprav,0.788546255506608
ashish343,0.788546255506608
maniktaneja,0.7841409691629956
pooran,0.7819383259911894
nitinstp23,0.7819383259911894
manV,0.7797356828193833
build3r,0.775330396475771
sebastian-thomas,0.7731277533039648
biswarupchakravarty,0.7731277533039648
abhi-bit,0.7709251101321586
shiv6146,0.7665198237885462
lxkarthi,0.7643171806167401
leo237,0.762114537444934
gururajbn,0.7577092511013216
royce2892,0.7577092511013216
shubhamsizzles,0.7555066079295154
rahulr92,0.7533039647577092
manti,0.751101321585903
rag594,0.748898678414097
Saiesh,0.7444933920704846
ansh0l,0.7444933920704846
freaksterz,0.7400881057268722
gauravkeshre,0.7400881057268722
sidd607,0.7378854625550662
debarko,0.7356828193832599
mascot6699,0.7312775330396476
torsionpeg,0.7312775330396476
infinitec123,0.7290748898678414
abhigyan2311,0.7268722466960352
tushartuteja,0.724669603524229
atul2512,0.722466960352423
anitasv,0.7202643171806167
n00blet,0.7180616740088106
ahmedshabib,0.7136563876651982
gautamsawhney,0.711453744493392
vkbalakrishnan,0.711453744493392
sravan953,0.7092511013215859
ajaybhat,0.7070484581497798
faisalp4p,0.7026431718061674
palashbansal96,0.7004405286343612
rockycoder,0.698237885462555
akashagarwal,0.698237885462555
gangeshwark,0.696035242290749
vrash,0.6916299559471366
bozzmob,0.6894273127753303
ashik94vc,0.6894273127753303
vaibhav-jani,0.6850220264317181
heaven00,0.6828193832599119
anubhav914,0.6828193832599119
iranjith4,0.6784140969162995
codingdash,0.6784140969162995
jaisanth,0.6740088105726872
sumit12dec,0.6740088105726872
parin2092,0.6718061674008811
ankitgangal,0.6674008810572687
benjoseph,0.6674008810572687
Bluesir9,0.6629955947136563
shashank-iitj,0.6629955947136563
archon92,0.6607929515418502
jigarjain,0.6563876651982379
jogiranjith,0.6563876651982379
nvivek16,0.6541850220264317
ivabz,0.6519823788546255
vidhishanair,0.6497797356828194
humblealchemy,0.6453744493392071
himadri-bsb,0.6453744493392071
yashodhandivakaran,0.6431718061674009
Thamaraiselvam,0.6387665198237886
rohangtr,0.6365638766519823
sachinvasista,0.6343612334801763
susheels,0.6343612334801763
sugambh,0.63215859030837
venustus,0.6299559471365639
radhikabhanu,0.6277533039647577
aigeano,0.6233480176211454
sachingajraj,0.6233480176211454
bipul21,0.6211453744493391
callmesusheel,0.6189427312775331
karanrajpal,0.6145374449339207
rajarsheem,0.6145374449339207
jmaovhasncript,0.6101321585903083
itsPR,0.6079295154185023
stauntonknight,0.6079295154185023
khanrizwan,0.605726872246696
NikhilSetty,0.6013215859030837
siddhanth,0.5991189427312775
sujayVittal,0.5991189427312775
AmarPrabhu,0.5969162995594713
nikhilv2007,0.5947136563876652
iotakodali,0.5903083700440528
DarshanGowda0,0.5881057268722467
jayanthchandra,0.5881057268722467
chandan11,0.5859030837004405
SudShekhar,0.5837004405286343
shrishmv,0.5814977973568283
parthaindia,0.5770925110132159
vickythegme,0.5770925110132159
rohithkumar31,0.5748898678414097
sridarshan,0.5704845814977973
akoul,0.5682819383259912
vtrkanna,0.5682819383259912
AnujKS,0.5638766519823788
shreyashpandya,0.5638766519823788
shivambarsaley,0.5616740088105727
arpiagar,0.5572687224669604
hiteshsethiya,0.5550660792951542
Yashalshakti,0.5550660792951542
pradeeprajkumar,0.552863436123348
VinayakDeshpande11,0.5506607929515419
shreyans4nahata,0.5484581497797356
koukumar,0.5462555066079295
kaushik-pe,0.5418502202643172
ls8080,0.5418502202643172
Rahulaswani,0.539647577092511
Ram101,0.5374449339207048
originalankur,0.5352422907488987
AnshuHanda,0.5330396475770924
prakhar-agarwal,0.5286343612334802
sojan-official,0.5286343612334802
hshed,0.526431718061674
bangarharshit,0.5242290748898679
kienme,0.5220264317180616
nitish11,0.5176211453744494
nav13n,0.5176211453744494
aloktherocker,0.513215859030837
UmangChamaria,0.513215859030837
patoliya,0.5110132158590308
GAT007,0.5088105726872247
haxplorer,0.5066079295154184
savakarv,0.5044052863436124
TechieTom,0.5
anshul-shukla,0.4977973568281938
rpaul93,0.49559471365638763
paulkg4u,0.49339207048458145
datafool,0.49339207048458145
subhrajyotisen,0.4911894273127754
codenpk,0.486784140969163
SanthoshMR,0.4845814977973568
raghunandangupta1992,0.4845814977973568
ahujamoh,0.48017621145374445
sarthak-saxena,0.48017621145374445
vishwakulkarni,0.4779735682819384
tacticurv,0.473568281938326
nikhilkabbin,0.473568281938326
Vijayenthiran,0.4713656387665198
aakashkhatter1296,0.46916299559471364
vishalantony,0.46696035242290745
chakas,0.46475770925110127
rcrahul01,0.4625550660792952
dpallagolla,0.460352422907489
SkyTreasure,0.4581497797356828
rajsid1,0.45594713656387664
vaishakp9,0.45374449339207046
NivedithaShenoyB,0.4515418502202643
Pakshal,0.44493392070484583
amrvignesh,0.44493392070484583
bhoom10,0.44493392070484583
jaymanklu,0.44273127753303965
supercr7,0.44052863436123346
Paulami,0.4383259911894273
nihalsharma,0.4361233480176211
ksambhav,0.433920704845815
kiran1994,0.43171806167400884
purushoth,0.42951541850220265
patlola,0.4251101321585903
tejaslodaya,0.4229074889867841
arunnura123,0.4229074889867841
mahendra0203,0.420704845814978
hard-fault,0.41850220264317184
shubhapp,0.41629955947136565
aravind3181995,0.41409691629955947
Rajat-Chowdhary,0.4118942731277533
akki777,0.4096916299559471
vijaytholpadi,0.40528634361233484
rohitkochar,0.40528634361233484
pravinrajmb,0.40308370044052866
debtaru,0.4008810572687225
vardinaren,0.3964757709251101
CoderHam,0.3964757709251101
sbmadhav,0.39207048458149785
karims,0.39207048458149785
pawanshetty,0.38986784140969166
srsree,0.3876651982378855
nishantrevur,0.3854625550660793
anujonthemove,0.3832599118942731
aakashns,0.3810572687224669
hbksagar,0.37665198237885467
rohitishere1,0.3744493392070485
govinsprabhu,0.3744493392070485
apoorvsgaur,0.3722466960352423
ddgarg,0.3700440528634361
vinaybanakar,0.36784140969162993
siddharthsa,0.36563876651982374
shikharateverest,0.36343612334801767
tanishgupta1,0.3612334801762115
vishalcs106,0.3590308370044053
cyrilmac92,0.3568281938325991
neelkirit,0.35462555066079293
pradeepsekart,0.35022026431718056
neo20iitkgp,0.35022026431718056
rbtj,0.3480176211453745
Anubhav27,0.3458149779735683
whatisaroad,0.3436123348017621
shardullavekar,0.34140969162995594
myramnath,0.33920704845814975
DevipriyaSarkar,0.33700440528634357
ujwalk93,0.3325991189427313
RahulGuptaIIITA,0.3325991189427313
rahulsingh178,0.3303964757709251
shobhitmittal,0.32819383259911894
rrishujain,0.32378854625550657
sagarmusale8,0.3215859030837004
chetan1507,0.3193832599118943
VenkatDatta,0.3193832599118943
SkandaBhat,0.31718061674008813
psakrii,0.31277533039647576
ankurelexbit,0.31277533039647576
akshaykant,0.3083700440528634
manju4ever,0.3061674008810573
govind1246,0.3061674008810573
Meghdeep,0.30396475770925113
guluuu3,0.29955947136563876
mrudu,0.29955947136563876
nikhilnnj,0.2973568281938326
RaghavaDhanya,0.2951541850220264
kriyanation,0.2929515418502202
hemant19cse,0.28854625550660795
kartiksgayatri,0.2819383259911894
kranthiGE,0.2819383259911894
neoned71,0.2819383259911894
sooriravindra,0.2797356828193832
sbairishal,0.27753303964757714
vigyasharma,0.27533039647577096
kavi26,0.27533039647577096
vividh,0.27312775330396477
Amlana,0.26431718061674003
harman25,0.26431718061674003
ignoreAnt,0.26431718061674003
shreyavarshini,0.26431718061674003
sushant047,0.26211453744493396
govilk,0.2577092511013216
anasmanadan,0.25110132158590304
nimishbhonsale,0.25110132158590304
sankethrs,0.25110132158590304
dakshasija,0.25110132158590304
avinash-palleti,0.24889867841409696
rishabhaga,0.2444933920704846
mayank7,0.24008810572687223
meghahonna,0.24008810572687223
karanratra,0.24008810572687223
m-nikhil,0.23788546255506604
amanie2107,0.23348017621145378
mayankmetha,0.23348017621145378
Sadiya5,0.2312775330396476
sameerpanjwani,0.2290748898678414
sandygarg,0.2180616740088106
unzipped,0.2180616740088106
sagarlohani,0.2180616740088106
namannigam,0.2180616740088106
abhikb,0.2180616740088106
vikoo,0.21585903083700442
pratikm23,0.21585903083700442
tusharkanakagiri,0.21585903083700442
Yashaswini,0.20925110132158586
thakursc1,0.2048458149779736
vivekbagade,0.20044052863436124
PavanGonagur,0.20044052863436124
kevi793,0.20044052863436124
santhoshguru,0.19603524229074887
jigisha,0.19603524229074887
Vismayhr,0.19603524229074887
codehive,0.1916299559471366
sulabhagarwal,0.1784140969162996
adityavs,0.1784140969162996
9Codie05,0.1784140969162996
stileto,0.1784140969162996
arunshankar87,0.1784140969162996
deepakraj27,0.17621145374449343
Bilicon,0.17621145374449343
balaca,0.17400881057268724
guptaayushi1293,0.17400881057268724
higagan,0.17400881057268724
deepak19891,0.1674008810572687
jjsg,0.1674008810572687
manansbeg,0.1674008810572687
dharmesh-m,0.1674008810572687
ritesh24,0.15859030837004406
prash2512,0.15638766519823788
prajwal16,0.15638766519823788
kunala,0.1519823788546255
nivethar12,0.1519823788546255
chaudharyp,0.1519823788546255
shylu,0.14537444933920707
chirag93,0.14317180616740088
bulletboopathy,0.14317180616740088
sandeepkaul,0.14317180616740088
pavant-egnaroinc,0.13656387665198233
amulgarg,0.13215859030837007
ankitbhatia8993,0.12555066079295152
anshusurana,0.12555066079295152
soniyasadalkar,0.12555066079295152
brijeshmasrani,0.12555066079295152
xitter,0.12555066079295152
CloudInfra,0.12555066079295152
beslin,0.12555066079295152
brateeshkumar,0.12555066079295152
manpreet2760,0.12555066079295152
pbabu11,0.12555066079295152
manash,0.12555066079295152
patelprayag1990,0.12555066079295152
reddypdl,0.10572687224669608
ashutoshmimani,0.10572687224669608
raghuam,0.10132158590308371
abhsnh19,0.10132158590308371
yadavprashant,0.10132158590308371
SriramCG,0.10132158590308371
Codeghazi,0.09251101321585908
ashutoshjha88,0.0903083700440529
papinenilaxman,0.0903083700440529
raulnayak,0.08590308370044053
sidjain270592,0.08590308370044053
aviralft9,0.08149779735682816
moankala,0.08149779735682816
Zuha1195,0.08149779735682816
skboro,0.08149779735682816
yourchandrashekhar,0.08149779735682816
arnavgeorgian,0.08149779735682816
chelladurai89,0.08149779735682816
bruteforce,0.08149779735682816
riagarg5,0.08149779735682816
zbigniev,0.08149779735682816
padayattil,0.08149779735682816
shetaksroc,0.08149779735682816
harishkumar12k,0.08149779735682816
gautamnagpal78,0.08149779735682816
ankushjindal278,0.08149779735682816
rohb1707,0.08149779735682816
aasha,0.08149779735682816
govindarajan,0.08149779735682816
bharathkeshav,0.08149779735682816
yannamaninaveen,0.08149779735682816
ashmaxpro,0.08149779735682816
SahajR,0.08149779735682816
sudharani-r,0.08149779735682816
nithinreddy,0.08149779735682816
hmavachi,0.08149779735682816
rajat8492,0.08149779735682816
avisatna,0.08149779735682816
bhuvanrikka,0.08149779735682816
sumithpuri,0.08149779735682816
boldDesigner,0.08149779735682816
lateprofessor,0.08149779735682816
techbus,0.08149779735682816
bhaskar4006,0.08149779735682816
sugatamukherjee,0.08149779735682816
narendrakumar7473,0.08149779735682816
jaiswal-aalok,0.08149779735682816
shamvil,0.08149779735682816
